{
"lengthUnit": "mil",
"remark": [],
"components": {
	"fields": ["COMPONENT_NO", "COMPONENT_NAME", "LAYER", "X_COORDINATE", "Y_COORDINATE", "ANGLE"],
	"rows": [
		[1, "C1", "T", 1435, -405, 90],
		[2, "C2", "T", 1435, -720, 90],
		[3, "C3", "T", 110, -60, 0],
		[4, "OLED", "T", 620, -60, 0],
		[5, "P1", "T", 195, -650, 270],
		[6, "R1", "B", 200, -915, 0],
		[7, "R2", "B", 201.171, -382.987, 180],
		[8, "U1", "B", 960, -670, 0],
		[9, "U2", "T", 2050, -1150, 90],
		[10, "U4", "T", 865, -645, 0],
		[11, "PAD1", "T", 60.002, -170.001, 0],
		[12, "PAD1", "B", 60.002, -170.001, 0],
		[13, "PAD2", "T", 160.002, -170.001, 0],
		[14, "PAD2", "B", 160.002, -170.001, 0],
		[15, "PAD3", "T", 460.002, -170.001, 0],
		[16, "PAD3", "B", 460.002, -170.001, 0],
		[17, "PAD4", "T", 660.002, -170.001, 0],
		[18, "PAD4", "B", 660.002, -170.001, 0],
		[19, "PAD5", "T", 760.002, -170.001, 0],
		[20, "PAD5", "B", 760.002, -170.001, 0],
		[21, "PAD6", "T", 860.002, -170.001, 0],
		[22, "PAD6", "B", 860.002, -170.001, 0],
		[23, "PAD7", "T", 960.002, -170.001, 0],
		[24, "PAD7", "B", 960.002, -170.001, 0],
		[25, "PAD8", "T", 1360.002, -170.001, 0],
		[26, "PAD8", "B", 1360.002, -170.001, 0],
		[27, "PAD9", "T", 1860.002, -170.001, 0],
		[28, "PAD9", "B", 1860.002, -170.001, 0],
		[29, "PAD10", "T", 60.002, -1170.001, 0],
		[30, "PAD10", "B", 60.002, -1170.001, 0],
		[31, "PAD11", "T", 160.002, -1170.001, 0],
		[32, "PAD11", "B", 160.002, -1170.001, 0],
		[33, "PAD12", "T", 260.002, -1170.001, 0],
		[34, "PAD12", "B", 260.002, -1170.001, 0],
		[35, "PAD13", "T", 560.002, -1170.001, 0],
		[36, "PAD13", "B", 560.002, -1170.001, 0],
		[37, "PAD14", "T", 660.002, -1170.001, 0],
		[38, "PAD14", "B", 660.002, -1170.001, 0],
		[39, "PAD15", "T", 760.002, -1170.001, 0],
		[40, "PAD15", "B", 760.002, -1170.001, 0],
		[41, "PAD16", "T", 860.002, -1170.001, 0],
		[42, "PAD16", "B", 860.002, -1170.001, 0],
		[43, "PAD17", "T", 960.002, -1170.001, 0],
		[44, "PAD17", "B", 960.002, -1170.001, 0],
		[45, "PAD18", "T", 1060.002, -1170.001, 0],
		[46, "PAD18", "B", 1060.002, -1170.001, 0],
		[47, "PAD19", "T", 1260.002, -1170.001, 0],
		[48, "PAD19", "B", 1260.002, -1170.001, 0],
		[49, "PAD20", "T", 195, -550, 0],
		[50, "PAD20", "B", 195, -550, 0],
		[51, "PAD21", "T", 195, -750, 0],
		[52, "PAD21", "B", 195, -750, 0],
		[53, "PAD22", "T", 502.7953, -369.4094, 0],
		[54, "PAD22", "B", 502.7953, -369.4094, 0],
		[55, "PAD23", "T", 502.7953, -920.5906, 0],
		[56, "PAD23", "B", 502.7953, -920.5906, 0],
		[57, "PAD24", "T", 1227.2047, -920.5906, 0],
		[58, "PAD24", "B", 1227.2047, -920.5906, 0],
		[59, "PAD25", "T", 1227.2047, -369.4094, 0],
		[60, "PAD25", "B", 1227.2047, -369.4094, 0],
		[61, "PAD26", "B", 258.22, -915, 0],
		[62, "PAD27", "B", 141.78, -915, 0],
		[63, "PAD28", "B", 142.951, -382.987, 0],
		[64, "PAD29", "B", 259.391, -382.987, 0],
		[65, "PAD30", "T", 172.7, -60, 0],
		[66, "PAD31", "T", 47.3, -60, 0],
		[67, "PAD32", "T", 270, -60, 0],
		[68, "PAD32", "B", 270, -60, 0],
		[69, "PAD33", "T", 370, -60, 0],
		[70, "PAD33", "B", 370, -60, 0],
		[71, "PAD34", "T", 470, -60, 0],
		[72, "PAD34", "B", 470, -60, 0],
		[73, "PAD35", "T", 570, -60, 0],
		[74, "PAD35", "B", 570, -60, 0],
		[75, "PAD36", "T", 670, -60, 0],
		[76, "PAD36", "B", 670, -60, 0],
		[77, "PAD37", "T", 770, -60, 0],
		[78, "PAD37", "B", 770, -60, 0],
		[79, "PAD38", "T", 870, -60, 0],
		[80, "PAD38", "B", 870, -60, 0],
		[81, "PAD39", "T", 970, -60, 0],
		[82, "PAD39", "B", 970, -60, 0],
		[83, "PAD40", "T", 1650.001, -1049.997, 0],
		[84, "PAD40", "B", 1650.001, -1049.997, 0],
		[85, "PAD41", "T", 1750.001, -1049.997, 0],
		[86, "PAD41", "B", 1750.001, -1049.997, 0],
		[87, "PAD42", "T", 1850.001, -1049.997, 0],
		[88, "PAD42", "B", 1850.001, -1049.997, 0],
		[89, "PAD43", "T", 1950.001, -1049.997, 0],
		[90, "PAD43", "B", 1950.001, -1049.997, 0],
		[91, "PAD44", "T", 1650.001, -949.997, 0],
		[92, "PAD44", "B", 1650.001, -949.997, 0],
		[93, "PAD45", "T", 1750.001, -949.997, 0],
		[94, "PAD45", "B", 1750.001, -949.997, 0],
		[95, "PAD46", "T", 1850.001, -949.997, 0],
		[96, "PAD46", "B", 1850.001, -949.997, 0],
		[97, "PAD47", "T", 1950.001, -949.997, 0],
		[98, "PAD47", "B", 1950.001, -949.997, 0],
		[99, "PAD48", "T", 1434.999, -473.896, 0],
		[100, "PAD48", "B", 1434.999, -473.896, 0],
		[101, "PAD49", "T", 1434.999, -336.096, 0],
		[102, "PAD49", "B", 1434.999, -336.096, 0],
		[103, "PAD50", "T", 1434.999, -788.896, 0],
		[104, "PAD50", "B", 1434.999, -788.896, 0],
		[105, "PAD51", "T", 1434.999, -651.096, 0],
		[106, "PAD51", "B", 1434.999, -651.096, 0]
	]
},
"pins": {
	"fields": ["PIN_NO", "PIN_NAME", "PIN_X", "PIN_Y", "LAYER", "PIN_TYPE", "NET_NAME", "NET_TYPE", "PAD_SHAPE", "PAD_SIZEX", "PAD_SIZEY", "HOLE_SIZE", "HOLE_LEN", "PAD_ANGLE"],
	"rows": [
		[1, "C1_1", 1434.999, -473.896, "T", "DIP", "+5V", "", "C", 62.992, 62.992, 39.37, 39.37, 180],
		[2, "C1_1", 1434.999, -473.896, "B", "DIP", "+5V", "", "C", 62.992, 62.992, 39.37, 39.37, 180],
		[3, "C1_2", 1434.999, -336.096, "T", "DIP", "GND", "GND", "C", 62.992, 62.992, 39.37, 39.37, 180],
		[4, "C1_2", 1434.999, -336.096, "B", "DIP", "GND", "GND", "C", 62.992, 62.992, 39.37, 39.37, 180],
		[5, "C2_1", 1434.999, -788.896, "T", "DIP", "3V3", "", "C", 62.992, 62.992, 39.37, 39.37, 180],
		[6, "C2_1", 1434.999, -788.896, "B", "DIP", "3V3", "", "C", 62.992, 62.992, 39.37, 39.37, 180],
		[7, "C2_2", 1434.999, -651.096, "T", "DIP", "GND", "GND", "C", 62.992, 62.992, 39.37, 39.37, 180],
		[8, "C2_2", 1434.999, -651.096, "B", "DIP", "GND", "GND", "C", 62.992, 62.992, 39.37, 39.37, 180],
		[9, "C3_1", 47.3, -60, "T", "SMD", "GND", "GND", "R", 58.465, 68.031, 0, 0, 0],
		[10, "C3_2", 172.7, -60, "T", "SMD", "$1N3485", "", "R", 58.465, 68.031, 0, 0, 0],
		[11, "OLED_1", 270, -60, "T", "DIP", "GND", "GND", "R", 59.055, 59.055, 39.37, 39.37, 0],
		[12, "OLED_1", 270, -60, "B", "DIP", "GND", "GND", "R", 59.055, 59.055, 39.37, 39.37, 0],
		[13, "OLED_2", 370, -60, "T", "DIP", "3V3", "", "C", 59.055, 59.055, 39.37, 39.37, 0],
		[14, "OLED_2", 370, -60, "B", "DIP", "3V3", "", "C", 59.055, 59.055, 39.37, 39.37, 0],
		[15, "OLED_3", 470, -60, "T", "DIP", "SCL", "", "C", 59.055, 59.055, 39.37, 39.37, 0],
		[16, "OLED_3", 470, -60, "B", "DIP", "SCL", "", "C", 59.055, 59.055, 39.37, 39.37, 0],
		[17, "OLED_4", 570, -60, "T", "DIP", "SDA", "", "C", 59.055, 59.055, 39.37, 39.37, 0],
		[18, "OLED_4", 570, -60, "B", "DIP", "SDA", "", "C", 59.055, 59.055, 39.37, 39.37, 0],
		[19, "OLED_5", 670, -60, "T", "DIP", "K1", "", "C", 59.055, 59.055, 39.37, 39.37, 0],
		[20, "OLED_5", 670, -60, "B", "DIP", "K1", "", "C", 59.055, 59.055, 39.37, 39.37, 0],
		[21, "OLED_6", 770, -60, "T", "DIP", "K2", "", "C", 59.055, 59.055, 39.37, 39.37, 0],
		[22, "OLED_6", 770, -60, "B", "DIP", "K2", "", "C", 59.055, 59.055, 39.37, 39.37, 0],
		[23, "OLED_7", 870, -60, "T", "DIP", "K3", "", "C", 59.055, 59.055, 39.37, 39.37, 0],
		[24, "OLED_7", 870, -60, "B", "DIP", "K3", "", "C", 59.055, 59.055, 39.37, 39.37, 0],
		[25, "OLED_8", 970, -60, "T", "DIP", "K4", "", "C", 59.055, 59.055, 39.37, 39.37, 0],
		[26, "OLED_8", 970, -60, "B", "DIP", "K4", "", "C", 59.055, 59.055, 39.37, 39.37, 0],
		[27, "P1_1", 195, -550, "T", "DIP", "GND", "GND", "R", 98.425, 98.425, 62.992, 62.992, 270],
		[28, "P1_1", 195, -550, "B", "DIP", "GND", "GND", "R", 98.425, 98.425, 62.992, 62.992, 270],
		[29, "P1_2", 195, -750, "T", "DIP", "$1N1306", "", "C", 98.425, 98.425, 62.992, 62.992, 270],
		[30, "P1_2", 195, -750, "B", "DIP", "$1N1306", "", "C", 98.425, 98.425, 62.992, 62.992, 270],
		[31, "R1_1", 141.78, -915, "B", "SMD", "BAT", "", "R", 47.54, 66.969, 0, 0, 0],
		[32, "R1_2", 258.22, -915, "B", "SMD", "$1N1306", "", "R", 47.54, 66.969, 0, 0, 0],
		[33, "R2_1", 259.391, -382.987, "B", "SMD", "GND", "GND", "R", 47.54, 66.969, 0, 0, 180],
		[34, "R2_2", 142.951, -382.987, "B", "SMD", "BAT", "", "R", 47.54, 66.969, 0, 0, 180],
		[35, "U1_1", 60.002, -170.001, "T", "DIP", "3V3", "", "C", 59.055, 59.055, 39.37, 39.37, 0],
		[36, "U1_1", 60.002, -170.001, "B", "DIP", "3V3", "", "C", 59.055, 59.055, 39.37, 39.37, 0],
		[37, "U1_2", 160.002, -170.001, "T", "DIP", "$1N3485", "", "C", 59.055, 59.055, 39.37, 39.37, 0],
		[38, "U1_2", 160.002, -170.001, "B", "DIP", "$1N3485", "", "C", 59.055, 59.055, 39.37, 39.37, 0],
		[39, "U1_3", 260.002, -170.001, "T", "DIP", "NET_1", "", "C", 59.055, 59.055, 39.37, 39.37, 0],
		[40, "U1_3", 260.002, -170.001, "B", "DIP", "NET_1", "", "C", 59.055, 59.055, 39.37, 39.37, 0],
		[41, "U1_4", 360.002, -170.001, "T", "DIP", "NET_2", "", "C", 59.055, 59.055, 39.37, 39.37, 0],
		[42, "U1_4", 360.002, -170.001, "B", "DIP", "NET_2", "", "C", 59.055, 59.055, 39.37, 39.37, 0],
		[43, "U1_5", 460.002, -170.001, "T", "DIP", "BAT", "", "C", 59.055, 59.055, 39.37, 39.37, 0],
		[44, "U1_5", 460.002, -170.001, "B", "DIP", "BAT", "", "C", 59.055, 59.055, 39.37, 39.37, 0],
		[45, "U1_6", 560.002, -170.001, "T", "DIP", "NET_3", "", "C", 59.055, 59.055, 39.37, 39.37, 0],
		[46, "U1_6", 560.002, -170.001, "B", "DIP", "NET_3", "", "C", 59.055, 59.055, 39.37, 39.37, 0],
		[47, "U1_7", 660.002, -170.001, "T", "DIP", "K1", "", "C", 59.055, 59.055, 39.37, 39.37, 0],
		[48, "U1_7", 660.002, -170.001, "B", "DIP", "K1", "", "C", 59.055, 59.055, 39.37, 39.37, 0],
		[49, "U1_8", 760.002, -170.001, "T", "DIP", "K2", "", "C", 59.055, 59.055, 39.37, 39.37, 0],
		[50, "U1_8", 760.002, -170.001, "B", "DIP", "K2", "", "C", 59.055, 59.055, 39.37, 39.37, 0],
		[51, "U1_9", 860.002, -170.001, "T", "DIP", "K3", "", "C", 59.055, 59.055, 39.37, 39.37, 0],
		[52, "U1_9", 860.002, -170.001, "B", "DIP", "K3", "", "C", 59.055, 59.055, 39.37, 39.37, 0],
		[53, "U1_10", 960.002, -170.001, "T", "DIP", "K4", "", "C", 59.055, 59.055, 39.37, 39.37, 0],
		[54, "U1_10", 960.002, -170.001, "B", "DIP", "K4", "", "C", 59.055, 59.055, 39.37, 39.37, 0],
		[55, "U1_11", 1060.002, -170.001, "T", "DIP", "NET_4", "", "C", 59.055, 59.055, 39.37, 39.37, 0],
		[56, "U1_11", 1060.002, -170.001, "B", "DIP", "NET_4", "", "C", 59.055, 59.055, 39.37, 39.37, 0],
		[57, "U1_12", 1160.002, -170.001, "T", "DIP", "NET_5", "", "C", 59.055, 59.055, 39.37, 39.37, 0],
		[58, "U1_12", 1160.002, -170.001, "B", "DIP", "NET_5", "", "C", 59.055, 59.055, 39.37, 39.37, 0],
		[59, "U1_13", 1260.002, -170.001, "T", "DIP", "NET_6", "", "C", 59.055, 59.055, 39.37, 39.37, 0],
		[60, "U1_13", 1260.002, -170.001, "B", "DIP", "NET_6", "", "C", 59.055, 59.055, 39.37, 39.37, 0],
		[61, "U1_14", 1360.002, -170.001, "T", "DIP", "GND", "GND", "C", 59.055, 59.055, 39.37, 39.37, 0],
		[62, "U1_14", 1360.002, -170.001, "B", "DIP", "GND", "GND", "C", 59.055, 59.055, 39.37, 39.37, 0],
		[63, "U1_15", 1460.002, -170.001, "T", "DIP", "NET_7", "", "C", 59.055, 59.055, 39.37, 39.37, 0],
		[64, "U1_15", 1460.002, -170.001, "B", "DIP", "NET_7", "", "C", 59.055, 59.055, 39.37, 39.37, 0],
		[65, "U1_16", 1560.002, -170.001, "T", "DIP", "NET_8", "", "C", 59.055, 59.055, 39.37, 39.37, 0],
		[66, "U1_16", 1560.002, -170.001, "B", "DIP", "NET_8", "", "C", 59.055, 59.055, 39.37, 39.37, 0],
		[67, "U1_17", 1660.002, -170.001, "T", "DIP", "NET_9", "", "C", 59.055, 59.055, 39.37, 39.37, 0],
		[68, "U1_17", 1660.002, -170.001, "B", "DIP", "NET_9", "", "C", 59.055, 59.055, 39.37, 39.37, 0],
		[69, "U1_18", 1760.002, -170.001, "T", "DIP", "NET_10", "", "C", 59.055, 59.055, 39.37, 39.37, 0],
		[70, "U1_18", 1760.002, -170.001, "B", "DIP", "NET_10", "", "C", 59.055, 59.055, 39.37, 39.37, 0],
		[71, "U1_19", 1860.002, -170.001, "T", "DIP", "+5V", "", "C", 59.055, 59.055, 39.37, 39.37, 0],
		[72, "U1_19", 1860.002, -170.001, "B", "DIP", "+5V", "", "C", 59.055, 59.055, 39.37, 39.37, 0],
		[73, "U1_20", 60.002, -1170.001, "T", "DIP", "GND", "GND", "C", 59.055, 59.055, 39.37, 39.37, 0],
		[74, "U1_20", 60.002, -1170.001, "B", "DIP", "GND", "GND", "C", 59.055, 59.055, 39.37, 39.37, 0],
		[75, "U1_21", 160.002, -1170.001, "T", "DIP", "MOSI", "", "C", 59.055, 59.055, 39.37, 39.37, 0],
		[76, "U1_21", 160.002, -1170.001, "B", "DIP", "MOSI", "", "C", 59.055, 59.055, 39.37, 39.37, 0],
		[77, "U1_22", 260.002, -1170.001, "T", "DIP", "SCL", "", "C", 59.055, 59.055, 39.37, 39.37, 0],
		[78, "U1_22", 260.002, -1170.001, "B", "DIP", "SCL", "", "C", 59.055, 59.055, 39.37, 39.37, 0],
		[79, "U1_23", 360.002, -1170.001, "T", "DIP", "NET_11", "", "C", 59.055, 59.055, 39.37, 39.37, 0],
		[80, "U1_23", 360.002, -1170.001, "B", "DIP", "NET_11", "", "C", 59.055, 59.055, 39.37, 39.37, 0],
		[81, "U1_24", 460.002, -1170.001, "T", "DIP", "NET_12", "", "C", 59.055, 59.055, 39.37, 39.37, 0],
		[82, "U1_24", 460.002, -1170.001, "B", "DIP", "NET_12", "", "C", 59.055, 59.055, 39.37, 39.37, 0],
		[83, "U1_25", 560.002, -1170.001, "T", "DIP", "SDA", "", "C", 59.055, 59.055, 39.37, 39.37, 0],
		[84, "U1_25", 560.002, -1170.001, "B", "DIP", "SDA", "", "C", 59.055, 59.055, 39.37, 39.37, 0],
		[85, "U1_26", 660.002, -1170.001, "T", "DIP", "GND", "GND", "C", 59.055, 59.055, 39.37, 39.37, 0],
		[86, "U1_26", 660.002, -1170.001, "B", "DIP", "GND", "GND", "C", 59.055, 59.055, 39.37, 39.37, 0],
		[87, "U1_27", 760.002, -1170.001, "T", "DIP", "MISO", "", "C", 59.055, 59.055, 39.37, 39.37, 0],
		[88, "U1_27", 760.002, -1170.001, "B", "DIP", "MISO", "", "C", 59.055, 59.055, 39.37, 39.37, 0],
		[89, "U1_28", 860.002, -1170.001, "T", "DIP", "SCK", "", "C", 59.055, 59.055, 39.37, 39.37, 0],
		[90, "U1_28", 860.002, -1170.001, "B", "DIP", "SCK", "", "C", 59.055, 59.055, 39.37, 39.37, 0],
		[91, "U1_29", 960.002, -1170.001, "T", "DIP", "CSN", "", "C", 59.055, 59.055, 39.37, 39.37, 0],
		[92, "U1_29", 960.002, -1170.001, "B", "DIP", "CSN", "", "C", 59.055, 59.055, 39.37, 39.37, 0],
		[93, "U1_30", 1060.002, -1170.001, "T", "DIP", "GDO0", "", "C", 59.055, 59.055, 39.37, 39.37, 0],
		[94, "U1_30", 1060.002, -1170.001, "B", "DIP", "GDO0", "", "C", 59.055, 59.055, 39.37, 39.37, 0],
		[95, "U1_31", 1160.002, -1170.001, "T", "DIP", "NET_13", "", "C", 59.055, 59.055, 39.37, 39.37, 0],
		[96, "U1_31", 1160.002, -1170.001, "B", "DIP", "NET_13", "", "C", 59.055, 59.055, 39.37, 39.37, 0],
		[97, "U1_32", 1260.002, -1170.001, "T", "DIP", "GDO2", "", "C", 59.055, 59.055, 39.37, 39.37, 0],
		[98, "U1_32", 1260.002, -1170.001, "B", "DIP", "GDO2", "", "C", 59.055, 59.055, 39.37, 39.37, 0],
		[99, "U1_33", 1360.002, -1170.001, "T", "DIP", "NET_14", "", "C", 59.055, 59.055, 39.37, 39.37, 0],
		[100, "U1_33", 1360.002, -1170.001, "B", "DIP", "NET_14", "", "C", 59.055, 59.055, 39.37, 39.37, 0],
		[101, "U1_34", 1460.002, -1170.001, "T", "DIP", "NET_15", "", "C", 59.055, 59.055, 39.37, 39.37, 0],
		[102, "U1_34", 1460.002, -1170.001, "B", "DIP", "NET_15", "", "C", 59.055, 59.055, 39.37, 39.37, 0],
		[103, "U1_35", 1560.002, -1170.001, "T", "DIP", "NET_16", "", "C", 59.055, 59.055, 39.37, 39.37, 0],
		[104, "U1_35", 1560.002, -1170.001, "B", "DIP", "NET_16", "", "C", 59.055, 59.055, 39.37, 39.37, 0],
		[105, "U1_36", 1660.002, -1170.001, "T", "DIP", "NET_17", "", "C", 59.055, 59.055, 39.37, 39.37, 0],
		[106, "U1_36", 1660.002, -1170.001, "B", "DIP", "NET_17", "", "C", 59.055, 59.055, 39.37, 39.37, 0],
		[107, "U1_37", 1760.002, -1170.001, "T", "DIP", "NET_18", "", "C", 59.055, 59.055, 39.37, 39.37, 0],
		[108, "U1_37", 1760.002, -1170.001, "B", "DIP", "NET_18", "", "C", 59.055, 59.055, 39.37, 39.37, 0],
		[109, "U1_38", 1860.002, -1170.001, "T", "DIP", "NET_19", "", "C", 59.055, 59.055, 39.37, 39.37, 0],
		[110, "U1_38", 1860.002, -1170.001, "B", "DIP", "NET_19", "", "C", 59.055, 59.055, 39.37, 39.37, 0],
		[111, "U2_1", 1650.001, -1049.997, "T", "DIP", "GND", "GND", "R", 60, 60, 36, 36, 90],
		[112, "U2_1", 1650.001, -1049.997, "B", "DIP", "GND", "GND", "R", 60, 60, 36, 36, 90],
		[113, "U2_2", 1650.001, -949.997, "T", "DIP", "3V3", "", "C", 60, 60, 35.984, 35.984, 90],
		[114, "U2_2", 1650.001, -949.997, "B", "DIP", "3V3", "", "C", 60, 60, 35.984, 35.984, 90],
		[115, "U2_3", 1750.001, -1049.997, "T", "DIP", "GDO0", "", "C", 60, 60, 36, 36, 90],
		[116, "U2_3", 1750.001, -1049.997, "B", "DIP", "GDO0", "", "C", 60, 60, 36, 36, 90],
		[117, "U2_4", 1750.001, -949.997, "T", "DIP", "CSN", "", "C", 60, 60, 36, 36, 90],
		[118, "U2_4", 1750.001, -949.997, "B", "DIP", "CSN", "", "C", 60, 60, 36, 36, 90],
		[119, "U2_5", 1850.001, -1049.997, "T", "DIP", "SCK", "", "C", 60, 60, 36, 36, 90],
		[120, "U2_5", 1850.001, -1049.997, "B", "DIP", "SCK", "", "C", 60, 60, 36, 36, 90],
		[121, "U2_6", 1850.001, -949.997, "T", "DIP", "MOSI", "", "C", 60, 60, 36, 36, 90],
		[122, "U2_6", 1850.001, -949.997, "B", "DIP", "MOSI", "", "C", 60, 60, 36, 36, 90],
		[123, "U2_7", 1950.001, -1049.997, "T", "DIP", "MISO", "", "C", 60, 60, 36, 36, 90],
		[124, "U2_7", 1950.001, -1049.997, "B", "DIP", "MISO", "", "C", 60, 60, 36, 36, 90],
		[125, "U2_8", 1950.001, -949.997, "T", "DIP", "GDO2", "", "C", 60, 60, 36, 36, 90],
		[126, "U2_8", 1950.001, -949.997, "B", "DIP", "GDO2", "", "C", 60, 60, 36, 36, 90],
		[127, "U4_1", 502.7953, -369.4094, "T", "DIP", "GND", "GND", "C", 60, 60, 36, 36, 0],
		[128, "U4_1", 502.7953, -369.4094, "B", "DIP", "GND", "GND", "C", 60, 60, 36, 36, 0],
		[129, "U4_2", 502.7953, -920.5906, "T", "DIP", "$1N1306", "", "C", 60, 60, 36, 36, 0],
		[130, "U4_2", 502.7953, -920.5906, "B", "DIP", "$1N1306", "", "C", 60, 60, 36, 36, 0],
		[131, "U4_3", 1227.2047, -920.5906, "T", "DIP", "+5V", "", "C", 60, 60, 36, 36, 0],
		[132, "U4_3", 1227.2047, -920.5906, "B", "DIP", "+5V", "", "C", 60, 60, 36, 36, 0],
		[133, "U4_4", 1227.2047, -369.4094, "T", "DIP", "GND", "GND", "C", 60, 60, 36, 36, 0],
		[134, "U4_4", 1227.2047, -369.4094, "B", "DIP", "GND", "GND", "C", 60, 60, 36, 36, 0],
		[135, "PAD1_1", 60.002, -170.001, "T", "DIP", "3V3", "", "C", 59.055, 59.055, 39.37, 39.37, 0],
		[136, "PAD1_1", 60.002, -170.001, "B", "DIP", "3V3", "", "C", 59.055, 59.055, 39.37, 39.37, 0],
		[137, "PAD2_2", 160.002, -170.001, "T", "DIP", "$1N3485", "", "C", 59.055, 59.055, 39.37, 39.37, 0],
		[138, "PAD2_2", 160.002, -170.001, "B", "DIP", "$1N3485", "", "C", 59.055, 59.055, 39.37, 39.37, 0],
		[139, "PAD3_5", 460.002, -170.001, "T", "DIP", "BAT", "", "C", 59.055, 59.055, 39.37, 39.37, 0],
		[140, "PAD3_5", 460.002, -170.001, "B", "DIP", "BAT", "", "C", 59.055, 59.055, 39.37, 39.37, 0],
		[141, "PAD4_7", 660.002, -170.001, "T", "DIP", "K1", "", "C", 59.055, 59.055, 39.37, 39.37, 0],
		[142, "PAD4_7", 660.002, -170.001, "B", "DIP", "K1", "", "C", 59.055, 59.055, 39.37, 39.37, 0],
		[143, "PAD5_8", 760.002, -170.001, "T", "DIP", "K2", "", "C", 59.055, 59.055, 39.37, 39.37, 0],
		[144, "PAD5_8", 760.002, -170.001, "B", "DIP", "K2", "", "C", 59.055, 59.055, 39.37, 39.37, 0],
		[145, "PAD6_9", 860.002, -170.001, "T", "DIP", "K3", "", "C", 59.055, 59.055, 39.37, 39.37, 0],
		[146, "PAD6_9", 860.002, -170.001, "B", "DIP", "K3", "", "C", 59.055, 59.055, 39.37, 39.37, 0],
		[147, "PAD7_10", 960.002, -170.001, "T", "DIP", "K4", "", "C", 59.055, 59.055, 39.37, 39.37, 0],
		[148, "PAD7_10", 960.002, -170.001, "B", "DIP", "K4", "", "C", 59.055, 59.055, 39.37, 39.37, 0],
		[149, "PAD8_14", 1360.002, -170.001, "T", "DIP", "GND", "GND", "C", 59.055, 59.055, 39.37, 39.37, 0],
		[150, "PAD8_14", 1360.002, -170.001, "B", "DIP", "GND", "GND", "C", 59.055, 59.055, 39.37, 39.37, 0],
		[151, "PAD9_19", 1860.002, -170.001, "T", "DIP", "+5V", "", "C", 59.055, 59.055, 39.37, 39.37, 0],
		[152, "PAD9_19", 1860.002, -170.001, "B", "DIP", "+5V", "", "C", 59.055, 59.055, 39.37, 39.37, 0],
		[153, "PAD10_20", 60.002, -1170.001, "T", "DIP", "GND", "GND", "C", 59.055, 59.055, 39.37, 39.37, 0],
		[154, "PAD10_20", 60.002, -1170.001, "B", "DIP", "GND", "GND", "C", 59.055, 59.055, 39.37, 39.37, 0],
		[155, "PAD11_21", 160.002, -1170.001, "T", "DIP", "MOSI", "", "C", 59.055, 59.055, 39.37, 39.37, 0],
		[156, "PAD11_21", 160.002, -1170.001, "B", "DIP", "MOSI", "", "C", 59.055, 59.055, 39.37, 39.37, 0],
		[157, "PAD12_22", 260.002, -1170.001, "T", "DIP", "SCL", "", "C", 59.055, 59.055, 39.37, 39.37, 0],
		[158, "PAD12_22", 260.002, -1170.001, "B", "DIP", "SCL", "", "C", 59.055, 59.055, 39.37, 39.37, 0],
		[159, "PAD13_25", 560.002, -1170.001, "T", "DIP", "SDA", "", "C", 59.055, 59.055, 39.37, 39.37, 0],
		[160, "PAD13_25", 560.002, -1170.001, "B", "DIP", "SDA", "", "C", 59.055, 59.055, 39.37, 39.37, 0],
		[161, "PAD14_26", 660.002, -1170.001, "T", "DIP", "GND", "GND", "C", 59.055, 59.055, 39.37, 39.37, 0],
		[162, "PAD14_26", 660.002, -1170.001, "B", "DIP", "GND", "GND", "C", 59.055, 59.055, 39.37, 39.37, 0],
		[163, "PAD15_27", 760.002, -1170.001, "T", "DIP", "MISO", "", "C", 59.055, 59.055, 39.37, 39.37, 0],
		[164, "PAD15_27", 760.002, -1170.001, "B", "DIP", "MISO", "", "C", 59.055, 59.055, 39.37, 39.37, 0],
		[165, "PAD16_28", 860.002, -1170.001, "T", "DIP", "SCK", "", "C", 59.055, 59.055, 39.37, 39.37, 0],
		[166, "PAD16_28", 860.002, -1170.001, "B", "DIP", "SCK", "", "C", 59.055, 59.055, 39.37, 39.37, 0],
		[167, "PAD17_29", 960.002, -1170.001, "T", "DIP", "CSN", "", "C", 59.055, 59.055, 39.37, 39.37, 0],
		[168, "PAD17_29", 960.002, -1170.001, "B", "DIP", "CSN", "", "C", 59.055, 59.055, 39.37, 39.37, 0],
		[169, "PAD18_30", 1060.002, -1170.001, "T", "DIP", "GDO0", "", "C", 59.055, 59.055, 39.37, 39.37, 0],
		[170, "PAD18_30", 1060.002, -1170.001, "B", "DIP", "GDO0", "", "C", 59.055, 59.055, 39.37, 39.37, 0],
		[171, "PAD19_32", 1260.002, -1170.001, "T", "DIP", "GDO2", "", "C", 59.055, 59.055, 39.37, 39.37, 0],
		[172, "PAD19_32", 1260.002, -1170.001, "B", "DIP", "GDO2", "", "C", 59.055, 59.055, 39.37, 39.37, 0],
		[173, "PAD20_1", 195, -550, "T", "DIP", "GND", "GND", "R", 98.425, 98.425, 62.992, 62.992, 270],
		[174, "PAD20_1", 195, -550, "B", "DIP", "GND", "GND", "R", 98.425, 98.425, 62.992, 62.992, 270],
		[175, "PAD21_2", 195, -750, "T", "DIP", "$1N1306", "", "C", 98.425, 98.425, 62.992, 62.992, 270],
		[176, "PAD21_2", 195, -750, "B", "DIP", "$1N1306", "", "C", 98.425, 98.425, 62.992, 62.992, 270],
		[177, "PAD22_1", 502.7953, -369.4094, "T", "DIP", "GND", "GND", "C", 60, 60, 36, 36, 0],
		[178, "PAD22_1", 502.7953, -369.4094, "B", "DIP", "GND", "GND", "C", 60, 60, 36, 36, 0],
		[179, "PAD23_2", 502.7953, -920.5906, "T", "DIP", "$1N1306", "", "C", 60, 60, 36, 36, 0],
		[180, "PAD23_2", 502.7953, -920.5906, "B", "DIP", "$1N1306", "", "C", 60, 60, 36, 36, 0],
		[181, "PAD24_3", 1227.2047, -920.5906, "T", "DIP", "+5V", "", "C", 60, 60, 36, 36, 0],
		[182, "PAD24_3", 1227.2047, -920.5906, "B", "DIP", "+5V", "", "C", 60, 60, 36, 36, 0],
		[183, "PAD25_4", 1227.2047, -369.4094, "T", "DIP", "GND", "GND", "C", 60, 60, 36, 36, 0],
		[184, "PAD25_4", 1227.2047, -369.4094, "B", "DIP", "GND", "GND", "C", 60, 60, 36, 36, 0],
		[185, "PAD26_2", 258.22, -915, "B", "SMD", "$1N1306", "", "R", 47.54, 66.969, 0, 0, 0],
		[186, "PAD27_1", 141.78, -915, "B", "SMD", "BAT", "", "R", 47.54, 66.969, 0, 0, 0],
		[187, "PAD28_2", 142.951, -382.987, "B", "SMD", "BAT", "", "R", 47.54, 66.969, 0, 0, 180],
		[188, "PAD29_1", 259.391, -382.987, "B", "SMD", "GND", "GND", "R", 47.54, 66.969, 0, 0, 180],
		[189, "PAD30_2", 172.7, -60, "T", "SMD", "$1N3485", "", "R", 58.465, 68.031, 0, 0, 0],
		[190, "PAD31_1", 47.3, -60, "T", "SMD", "GND", "GND", "R", 58.465, 68.031, 0, 0, 0],
		[191, "PAD32_1", 270, -60, "T", "DIP", "GND", "GND", "R", 59.055, 59.055, 39.37, 39.37, 0],
		[192, "PAD32_1", 270, -60, "B", "DIP", "GND", "GND", "R", 59.055, 59.055, 39.37, 39.37, 0],
		[193, "PAD33_2", 370, -60, "T", "DIP", "3V3", "", "C", 59.055, 59.055, 39.37, 39.37, 0],
		[194, "PAD33_2", 370, -60, "B", "DIP", "3V3", "", "C", 59.055, 59.055, 39.37, 39.37, 0],
		[195, "PAD34_3", 470, -60, "T", "DIP", "SCL", "", "C", 59.055, 59.055, 39.37, 39.37, 0],
		[196, "PAD34_3", 470, -60, "B", "DIP", "SCL", "", "C", 59.055, 59.055, 39.37, 39.37, 0],
		[197, "PAD35_4", 570, -60, "T", "DIP", "SDA", "", "C", 59.055, 59.055, 39.37, 39.37, 0],
		[198, "PAD35_4", 570, -60, "B", "DIP", "SDA", "", "C", 59.055, 59.055, 39.37, 39.37, 0],
		[199, "PAD36_5", 670, -60, "T", "DIP", "K1", "", "C", 59.055, 59.055, 39.37, 39.37, 0],
		[200, "PAD36_5", 670, -60, "B", "DIP", "K1", "", "C", 59.055, 59.055, 39.37, 39.37, 0],
		[201, "PAD37_6", 770, -60, "T", "DIP", "K2", "", "C", 59.055, 59.055, 39.37, 39.37, 0],
		[202, "PAD37_6", 770, -60, "B", "DIP", "K2", "", "C", 59.055, 59.055, 39.37, 39.37, 0],
		[203, "PAD38_7", 870, -60, "T", "DIP", "K3", "", "C", 59.055, 59.055, 39.37, 39.37, 0],
		[204, "PAD38_7", 870, -60, "B", "DIP", "K3", "", "C", 59.055, 59.055, 39.37, 39.37, 0],
		[205, "PAD39_8", 970, -60, "T", "DIP", "K4", "", "C", 59.055, 59.055, 39.37, 39.37, 0],
		[206, "PAD39_8", 970, -60, "B", "DIP", "K4", "", "C", 59.055, 59.055, 39.37, 39.37, 0],
		[207, "PAD40_1", 1650.001, -1049.997, "T", "DIP", "GND", "GND", "R", 60, 60, 36, 36, 90],
		[208, "PAD40_1", 1650.001, -1049.997, "B", "DIP", "GND", "GND", "R", 60, 60, 36, 36, 90],
		[209, "PAD41_3", 1750.001, -1049.997, "T", "DIP", "GDO0", "", "C", 60, 60, 36, 36, 90],
		[210, "PAD41_3", 1750.001, -1049.997, "B", "DIP", "GDO0", "", "C", 60, 60, 36, 36, 90],
		[211, "PAD42_5", 1850.001, -1049.997, "T", "DIP", "SCK", "", "C", 60, 60, 36, 36, 90],
		[212, "PAD42_5", 1850.001, -1049.997, "B", "DIP", "SCK", "", "C", 60, 60, 36, 36, 90],
		[213, "PAD43_7", 1950.001, -1049.997, "T", "DIP", "MISO", "", "C", 60, 60, 36, 36, 90],
		[214, "PAD43_7", 1950.001, -1049.997, "B", "DIP", "MISO", "", "C", 60, 60, 36, 36, 90],
		[215, "PAD44_2", 1650.001, -949.997, "T", "DIP", "3V3", "", "C", 60, 60, 35.984, 35.984, 90],
		[216, "PAD44_2", 1650.001, -949.997, "B", "DIP", "3V3", "", "C", 60, 60, 35.984, 35.984, 90],
		[217, "PAD45_4", 1750.001, -949.997, "T", "DIP", "CSN", "", "C", 60, 60, 36, 36, 90],
		[218, "PAD45_4", 1750.001, -949.997, "B", "DIP", "CSN", "", "C", 60, 60, 36, 36, 90],
		[219, "PAD46_6", 1850.001, -949.997, "T", "DIP", "MOSI", "", "C", 60, 60, 36, 36, 90],
		[220, "PAD46_6", 1850.001, -949.997, "B", "DIP", "MOSI", "", "C", 60, 60, 36, 36, 90],
		[221, "PAD47_8", 1950.001, -949.997, "T", "DIP", "GDO2", "", "C", 60, 60, 36, 36, 90],
		[222, "PAD47_8", 1950.001, -949.997, "B", "DIP", "GDO2", "", "C", 60, 60, 36, 36, 90],
		[223, "PAD48_1", 1434.999, -473.896, "T", "DIP", "+5V", "", "C", 62.992, 62.992, 39.37, 39.37, 180],
		[224, "PAD48_1", 1434.999, -473.896, "B", "DIP", "+5V", "", "C", 62.992, 62.992, 39.37, 39.37, 180],
		[225, "PAD49_2", 1434.999, -336.096, "T", "DIP", "GND", "GND", "C", 62.992, 62.992, 39.37, 39.37, 180],
		[226, "PAD49_2", 1434.999, -336.096, "B", "DIP", "GND", "GND", "C", 62.992, 62.992, 39.37, 39.37, 180],
		[227, "PAD50_1", 1434.999, -788.896, "T", "DIP", "3V3", "", "C", 62.992, 62.992, 39.37, 39.37, 180],
		[228, "PAD50_1", 1434.999, -788.896, "B", "DIP", "3V3", "", "C", 62.992, 62.992, 39.37, 39.37, 180],
		[229, "PAD51_2", 1434.999, -651.096, "T", "DIP", "GND", "GND", "C", 62.992, 62.992, 39.37, 39.37, 180],
		[230, "PAD51_2", 1434.999, -651.096, "B", "DIP", "GND", "GND", "C", 62.992, 62.992, 39.37, 39.37, 180]
	]
}
}